#dig start(15;10; Top left corner of central stairs) Bedroom complex.,,,,,,,,,,,,,,,,,,,,,,,,,,,,,,
d,d,d,,i,,d,d,d,,d,d,d,,i,i,,d,d,d,,d,d,d,,i,,,,,#
d,d,d,d,d,d,d,d,d,,d,d,d,d,d,d,d,d,d,d,,d,d,d,d,d,,d,d,,#
,,,,d,,,,,,,,,,d,d,,,,,,,,,,d,,d,d,,#
d,d,d,d,d,d,d,d,d,,d,d,d,d,d,d,d,d,d,d,,d,d,d,d,d,d,d,d,,#
,,,,d,,,,,,,,,,d,d,,,,,,,,,,d,,,,,#
d,,d,,d,,d,,d,,d,d,d,d,d,d,d,d,d,d,,d,,d,,d,,d,d,,#
d,,d,,d,,d,,d,,,,,,d,d,,,,,,d,,d,,d,,d,d,,#
d,,d,,d,,d,,d,,,d,d,d,d,d,d,d,d,,,d,,d,,d,d,d,d,,#
d,,d,,d,,d,,d,,d,d,d,d,d,d,d,d,d,d,,d,,d,,d,,,,,#
d,d,d,d,i,d,d,d,d,d,d,d,d,d,i,i,d,d,d,d,d,d,d,d,d,i,d,d,d,d,#
d,d,d,d,i,d,d,d,d,d,d,d,d,d,i,i,d,d,d,d,d,d,d,d,d,i,d,d,d,d,#
d,,d,,d,,d,,d,,d,d,d,d,d,d,d,d,d,d,,d,,d,,d,,,,,#
d,,d,,d,,d,,d,,,d,d,d,d,d,d,d,d,,,d,,d,,d,d,d,d,,#
d,,d,,d,,d,,d,,,,,,d,d,,,,,,d,,d,,d,,d,d,,#
d,,d,,d,,d,,d,,d,d,d,d,d,d,d,d,d,d,,d,,d,,d,,d,d,,#
,,,,d,,,,,,,,,,d,d,,,,,,,,,,d,,,,,#
d,d,d,d,d,d,d,d,d,,d,d,d,d,d,d,d,d,d,d,,d,d,d,d,d,,,,,#
,,,,d,,,,,,,,,,d,d,,,,,,,,,,d,,,,,#
d,d,d,d,d,d,d,d,d,,d,d,d,d,d,d,d,d,d,d,,d,d,d,d,d,,,,,#
,,,,i,,,,,,,,,,i,i,,,,,,,,,,i,,,,,#
#,#,#,#,#,#,#,#,#,#,#,#,#,#,#,#,#,#,#,#,#,#,#,#,#,#,#,#,#,#,#
