"#dig start(15;10; Top left corner of central stairs) Just four big rooms, suitable for storerooms. ",,,,,,,,,,,,,,,,,,,,,,,,,,,,,,
d,d,d,d,i,d,d,d,d,d,d,d,d,d,i,i,d,d,d,d,d,d,d,d,d,i,d,d,d,d,#
d,d,d,d,d,d,d,d,d,d,d,d,d,,d,d,,d,d,d,d,d,d,d,d,d,d,d,d,d,#
d,d,d,d,d,d,d,d,d,d,d,d,d,,d,d,,d,d,d,d,d,d,d,d,d,d,d,d,d,#
d,d,d,d,d,d,d,d,d,d,d,d,d,,d,d,,d,d,d,d,d,d,d,d,d,d,d,d,d,#
d,d,d,d,d,d,d,d,d,d,d,d,d,,d,d,,d,d,d,d,d,d,d,d,d,d,d,d,d,#
d,d,d,d,d,d,d,d,d,d,d,d,d,,d,d,,d,d,d,d,d,d,d,d,d,d,d,d,d,#
d,d,d,d,d,d,d,d,d,d,d,d,d,,d,d,,d,d,d,d,d,d,d,d,d,d,d,d,d,#
d,d,d,d,d,d,d,d,d,d,d,d,d,d,d,d,d,d,d,d,d,d,d,d,d,d,d,d,d,d,#
,,,,d,,,,,,,,d,,d,d,,d,,,,,,,,d,,,,,#
d,d,d,d,i,d,d,d,d,d,d,d,d,d,i,i,d,d,d,d,d,d,d,d,d,i,d,d,d,d,#
d,d,d,d,i,d,d,d,d,d,d,d,d,d,i,i,d,d,d,d,d,d,d,d,d,i,d,d,d,d,#
,,,,d,,,,,,,,d,,d,d,,d,,,,,,,,d,,,,,#
d,d,d,d,d,d,d,d,d,d,d,d,d,d,d,d,d,d,d,d,d,d,d,d,d,d,d,d,d,d,#
d,d,d,d,d,d,d,d,d,d,d,d,d,,d,d,,d,d,d,d,d,d,d,d,d,d,d,d,d,#
d,d,d,d,d,d,d,d,d,d,d,d,d,,d,d,,d,d,d,d,d,d,d,d,d,d,d,d,d,#
d,d,d,d,d,d,d,d,d,d,d,d,d,,d,d,,d,d,d,d,d,d,d,d,d,,,,,#
d,d,d,d,d,d,d,d,d,d,d,d,d,,d,d,,d,d,d,d,d,d,d,d,d,,,,,#
d,d,d,d,d,d,d,d,d,d,d,d,d,,d,d,,d,d,d,d,d,d,d,d,d,,,,,#
d,d,d,d,d,d,d,d,d,d,d,d,d,,d,d,,d,d,d,d,d,d,d,d,d,,,,,#
d,d,d,d,d,d,d,d,d,d,d,d,d,d,i,i,d,d,d,d,d,d,d,d,d,d,,,,,#
#,#,#,#,#,#,#,#,#,#,#,#,#,#,#,#,#,#,#,#,#,#,#,#,#,#,#,#,#,#,#
