"#build start(15;10; Top left corner of central stairs) You'll be needing 40 beds/cabinets/doors, 48 chests, and 4 tables/thrones. If you run out early of something early, you can cancel with Alt+C. Then in game hit q, position the cursor in the midst of some of the unplaced furniture and hit Alt-X to mass remove (it sends x 30 times).",,,,,,,,,,,,,,,,,,,,,,,,,,,,,,
f,h,h,,,,h,h,f,,f,h,h,,,,,h,h,f,,f,h,h,,,,,,,#
b,,,d,,d,,,b,,b,,,d,,,d,,,b,,b,,,d,,,f,h,,#
,,,,,,,,,,,,,,,,,,,,,,,,,,,,h,,#
b,f,h,d,,d,h,f,b,,b,f,h,d,,,d,h,f,b,,b,f,h,d,,d,,b,,#
,,,,,,,,,,,,,,,,,,,,,,,,,,,,,,#
b,,b,,,,b,,b,,b,f,h,d,,,d,h,f,b,,b,,b,,,,f,h,,#
f,,f,,,,f,,f,,,,,,,,,,,,,f,,f,,,,,h,,#
h,,h,,,,h,,h,,,t,t,,,,,,,,,h,,h,,,d,,b,,#
d,,d,,,,d,,d,,,c,c,,,,,,,,,d,,d,,,,,,,#
,,,,,,,,,,,,,,`,`,,,,,,,,,,,,,,,#
,,,,,,,,,,,,,,`,`,,,,,,,,,,,,,,,#
d,,d,,,,d,,d,,,,,,,,,c,c,,,d,,d,,,,,,,#
h,,h,,,,h,,h,,,,,,,,,t,t,,,h,,h,,,d,,h,,#
f,,f,,,,f,,f,,,,,,,,,,,,,f,,f,,,,,h,,#
b,,b,,,,b,,b,,b,f,h,d,,,d,h,f,b,,b,,b,, ,,f,b,,#
,,,,,,,,,,,,,,,,,,,,,,,,,,,,,,#
b,f,h,d,,d,h,f,b,,b,f,h,d,,,d,h,f,b,,b,f,h,d,,,,,,#
,,,,,,,,,,,,,,,,,,,,,,,,,,,,,,#
b,f,h,d,,d,h,f,b,,b,f,h,d,,,d,h,f,b,,b,f,h,d,,,,,,#
,,,,,,,,,,,,,,,,,,,,,,,,,,,,,,#
#,#,#,#,#,#,#,#,#,#,#,#,#,#,#,#,#,#,#,#,#,#,#,#,#,#,#,#,#,#,#
