"#dig Just four big rooms, suitable for storerooms. ",,,,,,,,,,,,,,,,,,,,,,,,,,,,,,
d,d,d,d,i,d,d,d,d,d,d,d,d,d,i,i,d,d,d,d,d,d,d,d,d,i,d,d,d,d,#
d,d,d,d,d,d,d,d,d,d,d,d,d,,d,d,,d,d,d,d,d,d,d,d,d,d,d,d,d,#
d,d,d,d,d,d,d,d,d,d,d,d,d,,d,d,,d,d,d,d,d,d,d,d,d,d,d,d,d,#
d,d,d,d,d,d,d,d,d,d,d,d,d,,d,d,,d,d,d,d,d,d,d,d,d,d,d,d,d,#
d,d,d,d,d,d,d,d,d,d,d,d,d,,d,d,,d,d,d,d,d,d,d,d,d,d,d,d,d,#
d,d,d,d,d,d,d,d,d,d,d,d,d,,d,d,,d,d,d,d,d,d,d,d,d,d,d,d,d,#
d,d,d,d,d,d,d,d,d,d,d,d,d,,d,d,,d,d,d,d,d,d,d,d,d,d,d,d,d,#
d,d,d,d,d,d,d,d,d,d,d,d,d,d,d,d,d,d,d,d,d,d,d,d,d,d,d,d,d,d,#
,,,,d,,,,,,,,d,,d,d,,d,,,,,,,,d,,,,,#
d,d,d,d,i,d,d,d,d,d,d,d,d,d,i,i,d,d,d,d,d,d,d,d,d,i,d,d,d,d,#
d,d,d,d,i,d,d,d,d,d,d,d,d,d,i,i,d,d,d,d,d,d,d,d,d,i,d,d,d,d,#
,,,,d,,,,,,,,d,,d,d,,d,,,,,,,,d,,,,,#
d,d,d,d,d,d,d,d,d,d,d,d,d,d,d,d,d,d,d,d,d,d,d,d,d,d,d,d,d,d,#
d,d,d,d,d,d,d,d,d,d,d,d,d,,d,d,,d,d,d,d,d,d,d,d,d,d,d,d,d,#
d,d,d,d,d,d,d,d,d,d,d,d,d,,d,d,,d,d,d,d,d,d,d,d,d,d,d,d,d,#
d,d,d,d,d,d,d,d,d,d,d,d,d,,d,d,,d,d,d,d,d,d,d,d,d,,,,,#
d,d,d,d,d,d,d,d,d,d,d,d,d,,d,d,,d,d,d,d,d,d,d,d,d,,,,,#
d,d,d,d,d,d,d,d,d,d,d,d,d,,d,d,,d,d,d,d,d,d,d,d,d,,,,,#
d,d,d,d,d,d,d,d,d,d,d,d,d,,d,d,,d,d,d,d,d,d,d,d,d,,,,,#
d,d,d,d,d,d,d,d,d,d,d,d,d,d,i,i,d,d,d,d,d,d,d,d,d,d,,,,,#
#,#,#,#,#,#,#,#,#,#,#,#,#,#,#,#,#,#,#,#,#,#,#,#,#,#,#,#,#,#,#
